Transaction_ID,Date,Description,Amount
TXN-00609,2024-12-29,DEPOSIT INTEREST CREDI,213.08
TXN-00398,2024-09-13,VENDOR PAYMENT - MATER,-3765.72
TXN-00776,2024-10-15,SAVINGS INTEREST,247.18
TXN-00415,2024-07-24,CUSTOMER DEPOSIT,14027.99
TXN-00198,2024-10-10,VENDOR PAYMENT - MATER,-9235.18
TXN-00526,2024-04-23,INTERNET & TELECOM,-660.99
TXN-00766,2024-11-19,ONLINE AD CAMPAIGN,-1122.91
TXN-00228,2024-03-13,CLIENT DINNER,-2332.94
TXN-00820,2024-03-13,INTEREST ACCRUAL,388.06
TXN-00578,2024-02-22,HOTEL ACCOMMODATION,-2680.64
TXN-00346,2024-07-07,PAYROLL TRANSFER,-9080.02
TXN-00791,2024-06-08,PRODUCT SALE,8207.25
TXN-00929,2024-09-25,PRINTER CONSUMABLES,-273.49
TXN-00906,2024-11-06,TRADE FAIR BOOTH,-4845.62
TXN-00102,2024-05-14,SUPPLIER INVOICE,-12003.16
TXN-00170,2024-07-01,PRODUCT SALE,1151.16
TXN-00753,2024-09-05,PRODUCT SALE,1261.21
TXN-00576,2024-01-20,WATER UTILITY,-322.62
TXN-00072,2024-01-30,CONTRACTOR FEE,-3197.33
TXN-09509,2024-09-20,WIRE TRANSFER FEE,-69.71
TXN-00607,2024-11-26,INTERNET & TELECOM,-719.81
TXN-00705,2024-02-27,CONTRACTOR FEE,-2296.26
TXN-00016,2024-08-04,ONLINE AD CAMPAIGN,-7347.26
TXN-00311,2024-04-09,RENT PAYMENT,-3637.51
TXN-00927,2024-03-26,CLIENT DINNER,-662.49
TXN-00711,2024-08-15,WAREHOUSE LEASE,-2254.11
TXN-00100,2024-02-13,CONTRACTOR FEE,-2681.95
TXN-00344,2024-01-05,BUSINESS TRIP - AIRFAR,-2381.16
TXN-00616,2024-06-14,WAREHOUSE LEASE,-5971.2
TXN-00644,2024-01-10,PRINTER CONSUMABLES,-198.46
TXN-00472,2024-12-31,WIRE TRANSFER FEE,-127.77
TXN-00464,2024-10-17,STATIONERY PURCHASE,-428.17
TXN-00206,2024-08-05,EMPLOYEE WAGES,-70.23
TXN-00165,2024-03-14,PRINTER CONSUMABLES,-597.35
TXN-00418,2024-06-17,SUPPLIER INVOICE,-11936.47
TXN-00851,2024-01-23,INTEREST ACCRUAL,283.58
TXN-00913,2024-11-05,INTERNET & TELECOM,-1107.13
TXN-00812,2024-05-31,ACCOUNT MAINTENANCE FE,-66.77
TXN-00921,2024-01-19,CARD PROCESSING FEE,-59.63
TXN-00834,2024-12-15,SUPPLIER INVOICE,-1956.43
TXN-00186,2024-01-23,PRINTER CONSUMABLES,-843.28
TXN-00376,2024-03-09,INVOICE PAYMENT RECEIV,188081.1
TXN-00727,2024-02-25,ONLINE AD CAMPAIGN,-2385.74
TXN-00021,2024-04-19,HOTEL ACCOMMODATION,-2878.61
TXN-00319,2024-12-15,INTEREST ACCRUAL,313.05
TXN-00857,2024-01-04,EMPLOYEE WAGES,-10700.81
TXN-00798,2024-05-18,STATIONERY PURCHASE,-103.02
TXN-00685,2024-06-02,CONTRACTOR FEE,-14150.01
TXN-00138,2024-12-30,CUSTOMER DEPOSIT,1793.77
TXN-00860,2024-12-17,ACCOUNT MAINTENANCE FE,-82.89
TXN-00872,2024-10-06,PAYROLL TRANSFER,-9833.56
TXN-00453,2024-04-19,STATIONERY PURCHASE,-380.84
TXN-00210,2024-05-07,ONLINE AD CAMPAIGN,-4678.36
TXN-00660,2024-02-18,PAYROLL TRANSFER,-1946.79
TXN-00068,2024-06-30,ELECTRICITY BILL,-198.77
TXN-00438,2024-04-30,DEPOSIT INTEREST CREDI,385.98
TXN-00581,2024-02-04,PRODUCT SALE,12549.41
TXN-00289,2024-04-19,BUSINESS TRIP - AIRFAR,-3477.92
TXN-00598,2024-11-06,ONLINE AD CAMPAIGN,-2710.97
TXN-00193,2024-12-05,WAREHOUSE LEASE,-1500.4
TXN-00038,2024-04-27,WIRE TRANSFER FEE,-138.67
TXN-00846,2024-03-16,INVOICE PAYMENT RECEIV,23713.58
TXN-00069,2024-01-18,PRODUCT SALE,3897.04
TXN-00847,2024-12-24,VENDOR PAYMENT - MATER,-5456.44
TXN-00637,2024-10-27,PAYROLL TRANSFER,-6169.22
TXN-00829,2024-04-25,WIRE TRANSFER FEE,228.18
TXN-00946,2024-11-06,SUPPLIER INVOICE,-5625.4
TXN-00489,2024-04-27,ONLINE AD CAMPAIGN,-2409.66
TXN-00543,2024-01-13,SUPPLIER INVOICE,-1977.64
TXN-00377,2024-09-06,ONLINE AD CAMPAIGN,-2289.8
TXN-00281,2024-10-27,MONTHLY SALARY RUN,-11446.86
TXN-00066,2024-11-02,ELECTRICITY BILL,-1039.72
TXN-00693,2024-06-15,SAVINGS INTEREST,64.49
TXN-00268,2024-09-27,ELECTRICITY BILL,-1013.37
TXN-00926,2024-02-17,INTEREST ACCRUAL,229.26
TXN-00487,2024-06-04,ELECTRICITY BILL,-906.49
TXN-00142,2024-06-13,MONTHLY SALARY RUN,-10142.84
TXN-00401,2024-01-25,SAVINGS INTEREST,178.33
TXN-00552,2024-04-07,WATER UTILITY,-564.5
TXN-00481,2024-06-20,PAYROLL TRANSFER,-7998.62
TXN-00949,2024-10-02,INTEREST ACCRUAL,104.09
TXN-00493,2024-12-08,TRADE FAIR BOOTH,-3251.55
TXN-00231,2024-08-10,STATIONERY PURCHASE,-103.28
TXN-00463,2024-04-01,ONLINE AD CAMPAIGN,-1605.2
TXN-00509,2024-04-09,PAYROLL TRANSFER,-10777.06
TXN-00530,2024-06-03,DEPOSIT INTEREST CREDI,285.46
TXN-00536,2024-11-11,SUPPLIER INVOICE,-12213.94
TXN-00940,2024-06-15,CLIENT DINNER,-593.44
TXN-00159,2024-12-09,HOTEL ACCOMMODATION,-549.26
TXN-00008,2024-08-19,WAREHOUSE LEASE,-3059.73
TXN-00844,2024-04-12,CUSTOMER DEPOSIT,2650.1
TXN-00919,2024-01-13,MONTHLY SALARY RUN,-7523.23
TXN-00224,2024-03-07,PAYROLL TRANSFER,-11294.19
TXN-00672,2024-01-05,RENT PAYMENT,-1206.41
TXN-00554,2024-04-27,WATER UTILITY,-245.17
TXN-00200,2024-11-06,DEPOSIT INTEREST CREDI,372.22
TXN-00822,2024-05-20,RENT PAYMENT,-5158.31
TXN-00938,2024-06-01,VENDOR PAYMENT - MATER,-7435.69
TXN-00718,2024-09-07,PRINTER CONSUMABLES,-733.07
TXN-00694,2024-08-08,INTEREST ACCRUAL,39.92
TXN-00738,2024-05-29,ELECTRICITY BILL,-1174.75
TXN-00682,2024-11-26,SUPPLIER INVOICE,-11050.24
TXN-00512,2024-04-24,PRINT ADVERTISING,-4909.95
TXN-00544,2024-05-03,SUPPLIER INVOICE,-1255.31
TXN-00213,2024-11-05,ONLINE AD CAMPAIGN,-4025.33
TXN-00356,2024-09-04,DEPOSIT INTEREST CREDI,95.05
TXN-00793,2024-06-16,ONLINE AD CAMPAIGN,-6777.54
TXN-00424,2024-06-05,BUSINESS TRIP - AIRFAR,-3290.71
TXN-00877,2024-02-10,CLIENT DINNER,-512.85
TXN-00237,2024-02-21,WAREHOUSE LEASE,-5623.03
TXN-00613,2024-04-03,TRADE FAIR BOOTH,-6687.77
TXN-00285,2024-08-20,PRINTER CONSUMABLES,-786.84
TXN-00885,2024-05-31,ACCOUNT MAINTENANCE FE,-36.36
TXN-00802,2024-11-20,WATER UTILITY,-935.71
TXN-00574,2024-02-24,CUSTOMER DEPOSIT,5948.01
TXN-00728,2024-06-03,PRODUCT SALE,19795.11
TXN-00345,2024-12-13,DEPOSIT INTEREST CREDI,95.32
TXN-00781,2024-10-12,WIRE TRANSFER FEE,-9.76
TXN-00778,2024-07-27,SUPPLIER INVOICE,-4115.7
TXN-00292,2024-10-12,MONTHLY SALARY RUN,-4668.53
TXN-00944,2024-09-18,OFFICE EQUIPMENT,-622.99
TXN-00519,2024-10-10,OFFICE EQUIPMENT,-47.19
TXN-00725,2024-09-19,PRINT ADVERTISING,-324.81
TXN-00071,2024-01-22,ONLINE AD CAMPAIGN,-7296.07
TXN-00296,2024-12-25,HOTEL ACCOMMODATION,-284.6
TXN-00579,2024-01-10,CARD PROCESSING FEE,-773.8
TXN-00837,2024-03-15,ACCOUNT MAINTENANCE FE,-90.21
TXN-00194,2024-11-05,ELECTRICITY BILL,-1039.32
TXN-00316,2024-01-17,WAREHOUSE LEASE,-2808.98
TXN-00516,2024-02-11,SUPPLIER INVOICE,-8540.14
TXN-00144,2024-05-26,STATIONERY PURCHASE,-777.5
TXN-00173,2024-04-11,TRADE FAIR BOOTH,-3436.45
TXN-00826,2024-02-17,PRODUCT SALE,6954.51
TXN-00440,2024-11-28,ELECTRICITY BILL,-547.39
TXN-00161,2024-08-18,DEPOSIT INTEREST CREDI,160.2
TXN-00371,2024-02-12,WATER UTILITY,-897.06
TXN-00294,2024-06-29,INTERNET & TELECOM,-1126.26
TXN-00184,2024-10-05,WAREHOUSE LEASE,-5429.37
TXN-00638,2024-01-31,PAYROLL TRANSFER,-6149.94
TXN-00273,2024-12-19,VENDOR PAYMENT - MATER,-2618.2
TXN-00075,2024-10-29,WAREHOUSE LEASE,-2126.56
TXN-00201,2024-05-15,INTERNET & TELECOM,-173.51
TXN-00797,2024-12-26,INTEREST ACCRUAL,372.05
TXN-00147,2024-11-02,INVOICE PAYMENT RECEIV,10164.8
TXN-00085,2024-01-27,RENT PAYMENT,-3347.09
TXN-00775,2024-07-13,CARD PROCESSING FEE,-30.8
TXN-00674,2024-01-10,PRODUCT SALE,15561.05
TXN-00397,2024-11-10,INVOICE PAYMENT RECEIV,10105.47
TXN-00596,2024-08-06,WIRE TRANSFER FEE,-141.46
TXN-00143,2024-11-04,PAYROLL TRANSFER,-3042.07
TXN-00280,2024-04-16,INVOICE PAYMENT RECEIV,8931.46
TXN-00497,2024-12-09,SUPPLIER INVOICE,-7941.74
TXN-00448,2024-08-26,DEPOSIT INTEREST CREDI,209.97
TXN-00901,2024-01-30,PRODUCT SALE,19034.32
TXN-00558,2024-06-26,ACCOUNT MAINTENANCE FE,-52.88
TXN-00252,2024-06-24,OFFICE EQUIPMENT,-517.27
TXN-00537,2024-03-03,STATIONERY PURCHASE,-529.18
TXN-00399,2024-09-25,EMPLOYEE WAGES,-4795.39
TXN-00110,2024-04-25,TRADE FAIR BOOTH,-7849.45
TXN-00227,2024-04-26,CARD PROCESSING FEE,-71.96
TXN-00789,2024-01-02,CLIENT DINNER,-32555.6
TXN-00663,2024-09-02,INVOICE PAYMENT RECEIV,20698.18
TXN-00777,2024-12-12,PRINTER CONSUMABLES,-836.35
TXN-00879,2024-08-14,BUSINESS TRIP - AIRFAR,-2554.14
TXN-00129,2024-06-02,HOTEL ACCOMMODATION,-2888.61
TXN-00859,2024-02-02,RENT PAYMENT,-2715.39
TXN-00724,2024-10-05,VENDOR PAYMENT - MATER,-11785.74
TXN-00757,2024-12-24,TRADE FAIR BOOTH,-2218.28
TXN-00457,2024-05-06,SUPPLIER INVOICE,-6295.28
TXN-00180,2024-08-27,CLIENT DINNER,-305.99
TXN-00559,2024-11-12,PRINT ADVERTISING,-6872.82
TXN-00514,2024-01-22,WIRE TRANSFER FEE,-8.55
TXN-00452,2024-04-01,INTEREST ACCRUAL,79.59
TXN-00702,2024-01-09,RENT PAYMENT,-5755.47
TXN-00347,2024-04-08,INTEREST ACCRUAL,374.98
TXN-00334,2024-10-19,WIRE TRANSFER FEE,-121.08
TXN-00943,2024-11-16,DEPOSIT INTEREST CREDI,267.76
TXN-00646,2024-03-01,WATER UTILITY,-739.34
TXN-00251,2024-11-17,CONTRACTOR FEE,-5721.3
TXN-00640,2024-01-13,DEPOSIT INTEREST CREDI,357.76
TXN-00233,2024-09-12,CUSTOMER DEPOSIT,10032.87
TXN-00769,2024-05-31,SUPPLIER INVOICE,-14066.23
TXN-00655,2024-02-15,BUSINESS TRIP - AIRFAR,-2736.14
TXN-00087,2024-11-27,PRODUCT SALE,6483.02
TXN-00873,2024-04-22,VENDOR PAYMENT - MATER,-6550.66
TXN-00557,2024-12-02,PRINT ADVERTISING,-6760.25
TXN-00602,2024-11-09,ONLINE AD CAMPAIGN,-4076.65
TXN-00948,2024-11-17,VENDOR PAYMENT - MATER,-5038.1
TXN-00153,2024-12-03,SAVINGS INTEREST,87.31
TXN-00811,2024-05-22,INVOICE PAYMENT RECEIV,22396.71
TXN-00594,2024-07-27,INTEREST ACCRUAL,17.7
TXN-00867,2024-03-29,ACCOUNT MAINTENANCE FE,-82.42
TXN-00439,2024-11-24,CUSTOMER DEPOSIT,11033.95
TXN-00092,2024-11-10,CARD PROCESSING FEE,-115.58
TXN-00323,2024-12-08,MONTHLY OFFICE RENT,-1870.26
TXN-00506,2024-01-27,STATIONERY PURCHASE,-790.47
TXN-00861,2024-04-02,SAVINGS INTEREST,28.95
TXN-00383,2024-06-06,INTEREST ACCRUAL,284.72
TXN-00750,2024-12-16,SUPPLIER INVOICE,-5970.36
TXN-00312,2024-12-04,RENT PAYMENT,-3626.18
TXN-00063,2024-04-01,INTERNET & TELECOM,-72.73
TXN-00019,2024-12-03,CARD PROCESSING FEE,-82.12
TXN-00659,2024-03-28,CUSTOMER DEPOSIT,6516.37
TXN-00258,2024-09-21,CONTRACTOR FEE,-2976.62
TXN-00632,2024-03-20,ELECTRICITY BILL,-366.29
TXN-00722,2024-07-25,DEPOSIT INTEREST CREDI,141.21
TXN-00942,2024-03-31,OFFICE EQUIPMENT,-440.33
TXN-00366,2024-04-20,HOTEL ACCOMMODATION,-1269.04
TXN-00023,2024-06-26,VENDOR PAYMENT - MATER,-2462.58
TXN-00274,2024-08-29,INTEREST ACCRUAL,268.99
TXN-00242,2024-04-14,CLIENT DINNER,-2060.1
TXN-00189,2024-10-01,PAYROLL TRANSFER,-8635.03
TXN-00392,2024-02-19,VENDOR PAYMENT - MATER,-11270.25
TXN-00717,2024-10-03,CLIENT DINNER,-1427.73
TXN-00442,2024-07-13,ELECTRICITY BILL,-937.63
TXN-00525,2024-12-22,INTERNET & TELECOM,-298.31
TXN-00482,2024-03-08,ACCOUNT MAINTENANCE FE,-115.2
TXN-00385,2024-07-14,PRODUCT SALE,12220.92
TXN-00673,2024-12-06,MONTHLY OFFICE RENT,-3991.91
TXN-00653,2024-10-28,PAYROLL TRANSFER,-6111.37
TXN-00108,2024-10-08,MONTHLY OFFICE RENT,-2998.56
TXN-00306,2024-02-02,CONTRACTOR FEE,-13036.08
TXN-00232,2024-12-06,WIRE TRANSFER FEE,-29.08
TXN-00701,2024-03-11,BUSINESS TRIP - AIRFAR,-1606.65
TXN-00696,2024-04-18,EMPLOYEE WAGES,-2248.07
TXN-00695,2024-02-20,PRODUCT SALE,8823.53
TXN-00276,2024-12-19,PRINTER CONSUMABLES,-55.28
TXN-00446,2024-08-06,MONTHLY OFFICE RENT,-5969.2
TXN-00090,2024-10-30,CARD PROCESSING FEE,-146.84
TXN-00081,2024-06-29,INTEREST ACCRUAL,246.04
TXN-00688,2024-08-17,BUSINESS TRIP - AIRFAR,-1373.45
TXN-09504,2024-10-03,DEPOSIT INTEREST CREDI,238.95
TXN-00348,2024-09-06,DEPOSIT INTEREST CREDI,79.22
TXN-00031,2024-08-06,PRINTER CONSUMABLES,-582.33
TXN-00011,2024-02-26,BUSINESS TRIP - AIRFAR,-3339.96
TXN-00505,2024-07-29,MONTHLY SALARY RUN,-5829.94
TXN-00183,2024-10-16,OFFICE EQUIPMENT,-17.13
TXN-00790,2024-03-16,PRODUCT SALE,12853.37
TXN-00864,2024-06-30,ONLINE AD CAMPAIGN,-1696.13
TXN-00259,2024-04-13,CONTRACTOR FEE,-13196.58
TXN-00372,2024-04-11,WAREHOUSE LEASE,-3190.49
TXN-00657,2024-02-25,ONLINE AD CAMPAIGN,-956.96
TXN-00158,2024-11-28,BUSINESS TRIP - AIRFAR,-1442.89
TXN-00471,2024-12-13,TRADE FAIR BOOTH,-1913.81
TXN-00328,2024-10-09,PRODUCT SALE,1703.38
TXN-00078,2024-04-15,MONTHLY SALARY RUN,-5696.6
TXN-00730,2024-07-07,WAREHOUSE LEASE,-5901.23
TXN-00002,2024-04-23,TRADE FAIR BOOTH,-2071.65
TXN-00907,2024-05-19,PRINTER CONSUMABLES,-895.61
TXN-00214,2024-07-15,PRINTER CONSUMABLES,-874.38
TXN-00176,2024-11-03,OFFICE EQUIPMENT,-359.13
TXN-00437,2024-07-24,CLIENT DINNER,-1024.63
TXN-09507,2024-08-29,INTEREST ACCRUAL,239.42
TXN-00772,2024-09-28,INTEREST ACCRUAL,397.16
TXN-00560,2024-09-06,CARD PROCESSING FEE,-16.27
TXN-00818,2024-06-20,VENDOR PAYMENT - MATER,-6318.44
TXN-00005,2024-10-15,STATIONERY PURCHASE,-475.54
TXN-00833,2024-01-12,STATIONERY PURCHASE,-603.37
TXN-00199,2024-09-09,WATER UTILITY,-1071.62
TXN-00117,2024-12-04,INVOICE PAYMENT RECEIV,14028.53
TXN-00205,2024-04-22,OFFICE EQUIPMENT,-741.43
TXN-00843,2024-05-08,DEPOSIT INTEREST CREDI,369.33
TXN-00175,2024-11-04,MONTHLY OFFICE RENT,-3718.36
TXN-00454,2024-04-27,INVOICE PAYMENT RECEIV,12245.72
TXN-00203,2024-06-07,PRINTER CONSUMABLES,-127.33
TXN-00428,2024-10-03,ACCOUNT MAINTENANCE FE,-13.4
TXN-00897,2024-05-27,CLIENT DINNER,-215.17
TXN-00120,2024-01-05,CONTRACTOR FEE,-148822.2
TXN-00178,2024-08-21,SUPPLIER INVOICE,-4858.29
TXN-00310,2024-10-22,CONTRACTOR FEE,-2078.64
TXN-00014,2024-03-23,TRADE FAIR BOOTH,-2137.5
TXN-00249,2024-10-23,TRADE FAIR BOOTH,-6325.2
TXN-00887,2024-12-11,PRODUCT SALE,10795.45
TXN-00810,2024-08-02,SAVINGS INTEREST,352.37
TXN-00892,2024-02-07,ONLINE AD CAMPAIGN,-6149.05
TXN-00684,2024-11-19,SAVINGS INTEREST,91.73
TXN-00427,2024-12-19,ACCOUNT MAINTENANCE FE,-33.3
TXN-00523,2024-06-13,VENDOR PAYMENT - MATER,-13025.81
TXN-00729,2024-12-04,PRINTER CONSUMABLES,-837.66
TXN-00621,2024-01-30,STATIONERY PURCHASE,-580.27
TXN-00130,2024-11-01,RENT PAYMENT,-2966.66
TXN-00091,2024-09-16,STATIONERY PURCHASE,-692.91
TXN-00287,2024-01-02,VENDOR PAYMENT - MATER,-6579.93
TXN-00127,2024-09-18,CUSTOMER DEPOSIT,9156.77
TXN-00460,2024-04-15,CONTRACTOR FEE,-11001.27
TXN-00164,2024-04-16,OFFICE EQUIPMENT,-189.22
TXN-00112,2024-09-10,ONLINE AD CAMPAIGN,-6357.29
TXN-00875,2024-10-09,WAREHOUSE LEASE,-3183.56
TXN-00740,2024-02-07,WIRE TRANSFER FEE,-12.5
TXN-00932,2024-04-07,MONTHLY OFFICE RENT,-5144.76
TXN-00554,2024-04-27,WATER UTILITY,-245.17
TXN-00735,2024-05-13,MONTHLY SALARY RUN,-6251.33
TXN-00706,2024-03-25,CLIENT DINNER,-602.2
TXN-00313,2024-06-14,CONTRACTOR FEE,-14582.7
TXN-00474,2024-09-04,PRINTER CONSUMABLES,138.6
TXN-00073,2024-11-15,OFFICE EQUIPMENT,-637.22
TXN-00003,2024-08-12,MONTHLY OFFICE RENT,-5688.1
TXN-00780,2024-02-08,ACCOUNT MAINTENANCE FE,-39.84
TXN-00380,2024-05-07,EMPLOYEE WAGES,-3575.5
TXN-00318,2024-05-17,TRADE FAIR BOOTH,-854.56
TXN-00013,2024-11-05,TRADE FAIR BOOTH,-1780.58
TXN-00341,2024-03-28,MONTHLY OFFICE RENT,-3610.48
TXN-00714,2024-07-24,TRADE FAIR BOOTH,-5262.98
TXN-00668,2024-07-06,CARD PROCESSING FEE,-6.75
TXN-00400,2024-08-07,INTERNET & TELECOM,-363.72
TXN-00109,2024-06-04,PRINTER CONSUMABLES,-840.95
TXN-00469,2024-11-13,SUPPLIER INVOICE,-2198.56
TXN-00339,2024-02-08,PAYROLL TRANSFER,-11429.78
TXN-00182,2024-09-04,SUPPLIER INVOICE,-13438.77
TXN-00331,2024-09-30,BUSINESS TRIP - AIRFAR,-3200.57
TXN-00923,2024-08-11,STATIONERY PURCHASE,-396.99
TXN-00905,2024-02-08,OFFICE EQUIPMENT,-399.41
TXN-00309,2024-07-19,WATER UTILITY,-1134.89
TXN-00922,2024-03-16,CLIENT DINNER,-2907.53
TXN-00305,2024-08-25,BUSINESS TRIP - AIRFAR,-402.46
TXN-00884,2024-01-28,CONTRACTOR FEE,-739.17
TXN-00491,2024-10-13,INTEREST ACCRUAL,203.64
TXN-00043,2024-03-14,TRADE FAIR BOOTH,-2840.3
TXN-00336,2024-01-21,WIRE TRANSFER FEE,-142.58
TXN-00615,2024-07-25,RENT PAYMENT,-5925.23
TXN-00736,2024-07-09,MONTHLY OFFICE RENT,-5181.8
TXN-00410,2024-05-13,PRODUCT SALE,19890.56
TXN-00749,2024-05-13,ELECTRICITY BILL,-1033.8
TXN-00667,2024-10-17,BUSINESS TRIP - AIRFAR,-3335.6
TXN-00295,2024-11-17,HOTEL ACCOMMODATION,-481.86
TXN-00597,2024-09-09,HOTEL ACCOMMODATION,-2223.11
TXN-00845,2024-06-25,PRODUCT SALE,23275.99
TXN-00541,2024-04-12,PRINT ADVERTISING,-1477.71
TXN-00357,2024-04-05,CONTRACTOR FEE,-952.34
TXN-00445,2024-03-21,HOTEL ACCOMMODATION,-2033.39
TXN-00633,2024-07-09,OFFICE EQUIPMENT,-68.34
TXN-00734,2024-10-19,ONLINE AD CAMPAIGN,-7903.03
TXN-00056,2024-12-03,PRODUCT SALE,22723.62
TXN-00764,2024-09-24,DEPOSIT INTEREST CREDI,140.35
TXN-00852,2024-06-19,ACCOUNT MAINTENANCE FE,-14.74
TXN-00217,2024-01-12,CUSTOMER DEPOSIT,8366.6
TXN-00433,2024-05-09,ACCOUNT MAINTENANCE FE,-43.38
TXN-00041,2024-05-08,SUPPLIER INVOICE,-9075.49
TXN-00466,2024-10-15,DEPOSIT INTEREST CREDI,363.5
TXN-00654,2024-04-26,ACCOUNT MAINTENANCE FE,-98.38
TXN-00364,2024-11-08,CARD PROCESSING FEE,-97.5
TXN-00838,2024-02-07,SUPPLIER INVOICE,-10827.32
TXN-00179,2024-07-24,SAVINGS INTEREST,272.28
TXN-00177,2024-11-09,PRINT ADVERTISING,-4247.06
TXN-00419,2024-12-20,MONTHLY SALARY RUN,-11945.65
TXN-00059,2024-09-24,PRINT ADVERTISING,-3604.39
TXN-00430,2024-07-16,PRINT ADVERTISING,-6697.85
TXN-00630,2024-08-09,WATER UTILITY,-413.82
TXN-00017,2024-08-09,BUSINESS TRIP - AIRFAR,-2159.8
TXN-00788,2024-02-06,MONTHLY OFFICE RENT,-4734.58
TXN-00679,2024-05-22,BUSINESS TRIP - AIRFAR,-1695.84
TXN-00413,2024-05-11,PAYROLL TRANSFER,-6690.3
TXN-00666,2024-03-07,MONTHLY OFFICE RENT,-892.88
TXN-00895,2024-09-30,ONLINE AD CAMPAIGN,-4942.6
TXN-00432,2024-04-15,PRINT ADVERTISING,-1527.38
TXN-00911,2024-09-30,ONLINE AD CAMPAIGN,-1520.12
TXN-00855,2024-02-17,PAYROLL TRANSFER,-2487.22
TXN-00618,2024-08-10,EMPLOYEE WAGES,-4325.87
TXN-00639,2024-11-11,TRADE FAIR BOOTH,-6451.61
TXN-00807,2024-05-07,HOTEL ACCOMMODATION,-1612.9
TXN-00030,2024-07-28,OFFICE EQUIPMENT,-832.93
TXN-00930,2024-02-06,HOTEL ACCOMMODATION,-2555.21
TXN-00375,2024-11-14,WIRE TRANSFER FEE,-95.89
TXN-00917,2024-02-11,BUSINESS TRIP - AIRFAR,-3452.22
TXN-00389,2024-10-12,CARD PROCESSING FEE,-107.23
TXN-00869,2024-02-19,STATIONERY PURCHASE,-537.02
TXN-00461,2024-01-26,ONLINE AD CAMPAIGN,-917.64
TXN-00204,2024-11-27,WAREHOUSE LEASE,-5232.39
TXN-00033,2024-07-21,CUSTOMER DEPOSIT,7381.96
TXN-00485,2024-04-29,STATIONERY PURCHASE,-408.28
TXN-00868,2024-04-04,WIRE TRANSFER FEE,-116.92
TXN-00157,2024-03-31,SUPPLIER INVOICE,-12381.99
TXN-00676,2024-12-31,TRADE FAIR BOOTH,-1355.6
TXN-00335,2024-05-20,OFFICE EQUIPMENT,-780.44
TXN-00513,2024-01-21,ACCOUNT MAINTENANCE FE,-125.29
TXN-00373,2024-07-20,PRINTER CONSUMABLES,-675.78
TXN-00888,2024-04-23,VENDOR PAYMENT - MATER,-2983.94
TXN-00582,2024-01-04,CARD PROCESSING FEE,-81.66
TXN-00678,2024-08-01,PRODUCT SALE,18379.63
TXN-00004,2024-06-08,STATIONERY PURCHASE,-801.43
TXN-00686,2024-07-14,WIRE TRANSFER FEE,-111.45
TXN-00131,2024-12-03,CLIENT DINNER,-2640.97
TXN-09502,2024-11-08,CARD PROCESSING FEE,-131.58
TXN-00343,2024-06-10,WAREHOUSE LEASE,-4196.6
TXN-00813,2024-01-06,RENT PAYMENT,-3413.06
TXN-00042,2024-07-19,TRADE FAIR BOOTH,-3861.35
TXN-00322,2024-02-09,CONTRACTOR FEE,-720.6
TXN-00223,2024-05-25,PRINT ADVERTISING,-7425.14
TXN-00329,2024-01-04,VENDOR PAYMENT - MATER,-1137.26
TXN-00522,2024-09-14,CONTRACTOR FEE,-11295.65
TXN-00828,2024-03-01,CARD PROCESSING FEE,-86.76
TXN-00114,2024-09-14,STATIONERY PURCHASE,-603.84
TXN-00049,2024-12-18,MONTHLY OFFICE RENT,-3563.35
TXN-00290,2024-01-18,PRINTER CONSUMABLES,-863.66
TXN-00503,2024-01-21,SAVINGS INTEREST,192.2
TXN-00207,2024-02-16,ONLINE AD CAMPAIGN,-496.77
TXN-00803,2024-08-17,HOTEL ACCOMMODATION,-2140.24
TXN-00420,2024-08-21,HOTEL ACCOMMODATION,-3065.36
TXN-00286,2024-05-09,SAVINGS INTEREST,255.52
TXN-00744,2024-05-24,MONTHLY SALARY RUN,-11266.11
TXN-00387,2024-08-23,CUSTOMER DEPOSIT,8054.16
TXN-00226,2024-05-04,WATER UTILITY,-568.7
TXN-00568,2024-01-19,PAYROLL TRANSFER,-8047.24
TXN-00121,2024-09-03,STATIONERY PURCHASE,-474.48
TXN-09515,2024-08-16,ACCOUNT MAINTENANCE FE,-141.9
TXN-00862,2024-08-29,DEPOSIT INTEREST CREDI,150.71
TXN-00643,2024-05-19,WIRE TRANSFER FEE,-26.76
TXN-00388,2024-04-20,ACCOUNT MAINTENANCE FE,-23.46
TXN-00577,2024-04-27,INTEREST ACCRUAL,220.59
TXN-00222,2024-08-21,PRINTER CONSUMABLES,-399.74
TXN-00269,2024-10-25,MONTHLY OFFICE RENT,-2379.74
TXN-00172,2024-02-01,INVOICE PAYMENT RECEIV,12411.71
TXN-00817,2024-07-03,PRODUCT SALE,14361.86
TXN-00912,2024-04-21,SUPPLIER INVOICE,-11508.33
TXN-00664,2024-09-09,MONTHLY SALARY RUN,-11219.71
TXN-00527,2024-06-28,SAVINGS INTEREST,102.05
TXN-00456,2024-02-29,HOTEL ACCOMMODATION,-2441.17
TXN-00531,2024-02-28,BUSINESS TRIP - AIRFAR,-2624.46
TXN-00743,2024-08-29,MONTHLY OFFICE RENT,-3003.01
TXN-00124,2024-07-13,OFFICE EQUIPMENT,-300.13
TXN-09501,2024-05-27,DEPOSIT INTEREST CREDI,112.9
TXN-00181,2024-05-31,SAVINGS INTEREST,88.85
TXN-00162,2024-03-26,WAREHOUSE LEASE,-5350.44
TXN-00683,2024-02-06,DEPOSIT INTEREST CREDI,74.05
TXN-00622,2024-05-13,PRINTER CONSUMABLES,-379.32
TXN-00712,2024-08-13,CLIENT DINNER,-189.59
TXN-00118,2024-08-21,VENDOR PAYMENT - MATER,-7611.34
TXN-00627,2024-07-22,INTERNET & TELECOM,-312.05
TXN-00937,2024-08-26,CONTRACTOR FEE,-11973.78
TXN-00741,2024-10-09,CARD PROCESSING FEE,-43.54
TXN-00891,2024-06-06,PRODUCT SALE,22256.7
TXN-00787,2024-07-02,CUSTOMER DEPOSIT,5451.8
TXN-00566,2024-12-06,PAYROLL TRANSFER,-7320.0
TXN-00441,2024-04-21,INTEREST ACCRUAL,311.44
TXN-00545,2024-05-31,ACCOUNT MAINTENANCE FE,-15.74
TXN-00241,2024-05-31,CONTRACTOR FEE,-13873.73
TXN-00135,2024-03-15,TRADE FAIR BOOTH,-904.35
TXN-00156,2024-03-08,MONTHLY OFFICE RENT,-1716.72
TXN-00354,2024-11-22,PRINTER CONSUMABLES,-391.15
TXN-00140,2024-02-21,STATIONERY PURCHASE,-701.67
TXN-00908,2024-08-04,CONTRACTOR FEE,-1365.4
TXN-00458,2024-11-16,RENT PAYMENT,-2897.44
TXN-00061,2024-04-08,INTEREST ACCRUAL,268.66
TXN-00353,2024-09-12,MONTHLY SALARY RUN,-6518.44
TXN-00580,2024-12-03,VENDOR PAYMENT - MATER,-9371.85
TXN-00166,2024-06-28,ACCOUNT MAINTENANCE FE,-469.2
TXN-00687,2024-03-01,STATIONERY PURCHASE,-776.41
TXN-00641,2024-09-27,MONTHLY OFFICE RENT,-1316.02
TXN-00301,2024-03-29,INTERNET & TELECOM,-122.58
TXN-00215,2024-07-08,PRINT ADVERTISING,-3270.57
TXN-00408,2024-02-20,CONTRACTOR FEE,-9280.04
TXN-00796,2024-12-24,PAYROLL TRANSFER,-9967.19
TXN-00298,2024-06-18,OFFICE EQUIPMENT,-490.71
TXN-00395,2024-03-10,ONLINE AD CAMPAIGN,-2982.36
TXN-00132,2024-12-30,BUSINESS TRIP - AIRFAR,-2820.75
TXN-00315,2024-03-29,EMPLOYEE WAGES,-6292.24
TXN-00889,2024-03-22,PRODUCT SALE,17742.55
TXN-00716,2024-05-25,ONLINE AD CAMPAIGN,-2099.11
TXN-00935,2024-08-15,PRINTER CONSUMABLES,-226.54
TXN-00417,2024-04-20,INTEREST ACCRUAL,93.95
TXN-00547,2024-07-22,PRINTER CONSUMABLES,-530.61
TXN-00039,2024-04-02,PAYROLL TRANSFER,-9124.89
TXN-00250,2024-08-16,INVOICE PAYMENT RECEIV,8602.54
TXN-00477,2024-09-04,WIRE TRANSFER FEE,-128.39
TXN-00403,2024-06-30,INTERNET & TELECOM,-321.4
TXN-00054,2024-11-21,OFFICE EQUIPMENT,-514.4
TXN-00195,2024-04-30,DEPOSIT INTEREST CREDI,147.5
TXN-00137,2024-10-21,MONTHLY OFFICE RENT,-1151.1
TXN-00870,2024-04-20,CUSTOMER DEPOSIT,24171.96
TXN-00642,2024-05-09,DEPOSIT INTEREST CREDI,362.04
TXN-00651,2024-04-22,OFFICE EQUIPMENT,-329.95
TXN-00282,2024-09-24,STATIONERY PURCHASE,-376.39
TXN-00036,2024-08-29,CUSTOMER DEPOSIT,4232.0
TXN-00533,2024-04-15,SUPPLIER INVOICE,-6853.08
TXN-00601,2024-04-14,MONTHLY OFFICE RENT,-5510.12
TXN-00854,2024-04-04,MONTHLY SALARY RUN,-5059.67
TXN-00379,2024-09-04,ELECTRICITY BILL,-227.59
TXN-00700,2024-11-02,CUSTOMER DEPOSIT,13241.76
TXN-00067,2024-05-20,INTEREST ACCRUAL,268.8
TXN-00553,2024-03-25,CARD PROCESSING FEE,-72.81
TXN-00511,2024-10-15,DEPOSIT INTEREST CREDI,138.06
TXN-00520,2024-01-26,HOTEL ACCOMMODATION,-1435.81
TXN-00053,2024-07-22,INTERNET & TELECOM,-513.61
TXN-00378,2024-01-31,PRINT ADVERTISING,-1019.19
TXN-00691,2024-09-21,SAVINGS INTEREST,106.87
TXN-00904,2024-03-01,WIRE TRANSFER FEE,-52.07
TXN-00934,2024-11-07,MONTHLY OFFICE RENT,-1092.7
TXN-00240,2024-01-06,RENT PAYMENT,-5716.7
TXN-00247,2024-09-20,ONLINE AD CAMPAIGN,-4046.88
TXN-00916,2024-05-29,STATIONERY PURCHASE,-90.64
TXN-00426,2024-12-19,VENDOR PAYMENT - MATER,-4585.23
TXN-00573,2024-03-10,MONTHLY SALARY RUN,-2410.47
TXN-00029,2024-05-10,CLIENT DINNER,-804.88
TXN-00800,2024-09-20,OFFICE EQUIPMENT,-102.08
TXN-00266,2024-02-12,CLIENT DINNER,-1508.26
TXN-09503,2024-08-02,WIRE TRANSFER FEE,-103.46
TXN-00840,2024-10-04,SAVINGS INTEREST,46.14
TXN-00245,2024-07-11,RENT PAYMENT,-93.79
TXN-00104,2024-12-18,PRODUCT SALE,19471.23
TXN-00277,2024-02-10,PRINTER CONSUMABLES,-479.58
TXN-00394,2024-07-30,HOTEL ACCOMMODATION,-2886.31
TXN-00111,2024-10-09,PAYROLL TRANSFER,-2948.97
TXN-00077,2024-01-29,ELECTRICITY BILL,-1172.55
TXN-00160,2024-01-19,PRINT ADVERTISING,-5280.29
TXN-00459,2024-01-03,ACCOUNT MAINTENANCE FE,-40.65
TXN-00236,2024-04-22,TRADE FAIR BOOTH,-2170.77
TXN-00465,2024-08-03,INVOICE PAYMENT RECEIV,20003.48
TXN-00412,2024-01-25,PAYROLL TRANSFER,-1665.96
TXN-00835,2024-09-23,WIRE TRANSFER FEE,-134.74
TXN-00113,2024-02-22,BUSINESS TRIP - AIRFAR,-3106.18
TXN-00661,2024-10-12,CONTRACTOR FEE,-6932.44
TXN-00841,2024-08-01,EMPLOYEE WAGES,-6281.2
TXN-00550,2024-11-05,WAREHOUSE LEASE,-4120.03
TXN-00689,2024-03-08,STATIONERY PURCHASE,-232.7
TXN-00330,2024-11-11,BUSINESS TRIP - AIRFAR,-747.32
TXN-00263,2024-06-20,MONTHLY SALARY RUN,-11812.52
TXN-00745,2024-02-29,PRINT ADVERTISING,-7773.41
TXN-00634,2024-06-02,ELECTRICITY BILL,-718.99
TXN-00168,2024-08-04,CONTRACTOR FEE,-8353.45
TXN-00816,2024-12-09,ACCOUNT MAINTENANCE FE,-27.01
TXN-00155,2024-04-23,OFFICE EQUIPMENT,-95.66
TXN-00924,2024-12-11,SUPPLIER INVOICE,-10408.48
TXN-00025,2024-02-24,PRINT ADVERTISING,-543.34
TXN-00444,2024-09-29,PRINTER CONSUMABLES,-207.51
TXN-00151,2024-06-26,WIRE TRANSFER FEE,-72.38
TXN-00095,2024-09-18,WIRE TRANSFER FEE,-46.95
TXN-00218,2024-05-26,INVOICE PAYMENT RECEIV,5233.6
TXN-00382,2024-09-20,DEPOSIT INTEREST CREDI,353.72
TXN-00024,2024-06-24,SAVINGS INTEREST,368.66
TXN-00293,2024-12-19,SAVINGS INTEREST,22.82
TXN-00174,2024-03-30,ONLINE AD CAMPAIGN,-6099.6
TXN-00101,2024-07-05,WIRE TRANSFER FEE,-53.74
TXN-00026,2024-03-23,WAREHOUSE LEASE,-2580.5
TXN-00733,2024-01-14,SAVINGS INTEREST,137.83
TXN-00617,2024-12-21,EMPLOYEE WAGES,-9883.71
TXN-00490,2024-12-14,RENT PAYMENT,-1412.79
TXN-00572,2024-09-16,OFFICE EQUIPMENT,-413.22
TXN-00355,2024-08-11,INTEREST ACCRUAL,239.22
TXN-00625,2024-02-27,WAREHOUSE LEASE,-1781.3
TXN-00243,2024-03-05,PRODUCT SALE,1444.28
TXN-00898,2024-07-18,INVOICE PAYMENT RECEIV,18347.81
TXN-00074,2024-11-04,VENDOR PAYMENT - MATER,-14303.25
TXN-00947,2024-07-31,SAVINGS INTEREST,187.58
TXN-00119,2024-05-04,MONTHLY SALARY RUN,-8353.21
TXN-00115,2024-10-03,CLIENT DINNER,-2927.25
TXN-00521,2024-11-23,WATER UTILITY,-108.51
TXN-00006,2024-08-14,CARD PROCESSING FEE,-76.14
TXN-00476,2024-10-25,TRADE FAIR BOOTH,-1805.83
TXN-00858,2024-06-27,PRODUCT SALE,3843.53
TXN-00569,2024-07-02,RENT PAYMENT,-4406.41
TXN-00070,2024-02-15,STATIONERY PURCHASE,-269.5
TXN-00015,2024-12-15,PRINT ADVERTISING,-1083.78
TXN-09516,2024-12-12,SAVINGS INTEREST,97.76
TXN-00600,2024-01-04,WAREHOUSE LEASE,-4750.14
TXN-00370,2024-05-25,TRADE FAIR BOOTH,-6525.17
TXN-00079,2024-07-28,CLIENT DINNER,-159.44
TXN-00480,2024-10-15,SUPPLIER INVOICE,-13037.87
TXN-00703,2024-01-20,SUPPLIER INVOICE,-1915.3
TXN-00055,2024-02-16,STATIONERY PURCHASE,-467.86
TXN-00468,2024-06-12,HOTEL ACCOMMODATION,-1017.54
TXN-00267,2024-07-07,STATIONERY PURCHASE,-719.38
TXN-00900,2024-03-03,MONTHLY OFFICE RENT,-4593.37
TXN-00515,2024-11-07,SAVINGS INTEREST,286.21
TXN-00538,2024-01-04,VENDOR PAYMENT - MATER,-2287.2
TXN-00850,2024-07-11,WAREHOUSE LEASE,-5471.55
TXN-00504,2024-03-30,WIRE TRANSFER FEE,-148.06
TXN-09511,2024-08-23,CARD PROCESSING FEE,-80.36
TXN-00167,2024-12-29,ELECTRICITY BILL,-701.38
TXN-00670,2024-12-29,CONTRACTOR FEE,-13.6
TXN-00332,2024-09-27,WATER UTILITY,-667.8
TXN-00699,2024-12-24,CUSTOMER DEPOSIT,21219.64
TXN-00248,2024-12-27,OFFICE EQUIPMENT,-429.87
TXN-00374,2024-11-20,ELECTRICITY BILL,-200.83
TXN-00732,2024-01-06,STATIONERY PURCHASE,-501.35
TXN-00473,2024-08-03,PRINTER CONSUMABLES,-50.9
TXN-00500,2024-02-07,OFFICE EQUIPMENT,-655.22
TXN-00619,2024-11-29,INVOICE PAYMENT RECEIV,13908.43
TXN-00590,2024-08-14,WIRE TRANSFER FEE,-36.45
TXN-00564,2024-05-03,CONTRACTOR FEE,-4566.28
TXN-00783,2024-09-14,SUPPLIER INVOICE,-5803.59
TXN-00308,2024-07-24,HOTEL ACCOMMODATION,-3417.57
TXN-00771,2024-02-02,MONTHLY OFFICE RENT,-4510.65
TXN-00720,2024-09-23,CLIENT DINNER,-2109.82
TXN-00567,2024-06-25,MONTHLY SALARY RUN,-7908.52
TXN-00502,2024-01-16,RENT PAYMENT,-2630.66
TXN-00235,2024-06-02,OFFICE EQUIPMENT,-684.87
TXN-00697,2024-05-07,TRADE FAIR BOOTH,-6067.1
TXN-00431,2024-12-24,INVOICE PAYMENT RECEIV,5202.07
TXN-00665,2024-01-25,CLIENT DINNER,-3259.14
TXN-00192,2024-05-05,MONTHLY OFFICE RENT,-2998.22
TXN-00152,2024-06-20,EMPLOYEE WAGES,-5363.0
TXN-00436,2024-03-26,SUPPLIER INVOICE,-12254.21
TXN-00257,2024-07-08,MONTHLY OFFICE RENT,-5249.34
TXN-00799,2024-10-20,INTERNET & TELECOM,-935.6
TXN-00647,2024-08-28,OFFICE EQUIPMENT,-454.78
TXN-00756,2024-11-12,STATIONERY PURCHASE,-179.56
TXN-00542,2024-06-29,INVOICE PAYMENT RECEIV,5688.42
TXN-00570,2024-06-17,BUSINESS TRIP - AIRFAR,-2387.65
TXN-00583,2024-12-07,VENDOR PAYMENT - MATER,-11490.6
TXN-00384,2024-10-21,EMPLOYEE WAGES,-3339.4
TXN-00146,2024-02-02,CARD PROCESSING FEE,-123.78
TXN-00782,2024-11-26,MONTHLY OFFICE RENT,-2252.65
TXN-00863,2024-09-02,VENDOR PAYMENT - MATER,-5911.64
TXN-00534,2024-02-12,PAYROLL TRANSFER,-8224.61
TXN-00216,2024-02-10,PAYROLL TRANSFER,-7639.9
TXN-00739,2024-12-10,ONLINE AD CAMPAIGN,-1177.73
TXN-00878,2024-12-26,TRADE FAIR BOOTH,-6049.43
TXN-00645,2024-09-13,PRINT ADVERTISING,-5839.81
TXN-00197,2024-07-13,WATER UTILITY,-354.53
TXN-00865,2024-11-20,CARD PROCESSING FEE,-95.91
TXN-00496,2024-01-16,OFFICE EQUIPMENT,-668.14
TXN-00592,2024-03-29,DEPOSIT INTEREST CREDI,175.62
TXN-00018,2024-04-28,SUPPLIER INVOICE,-7082.21
TXN-00754,2024-03-14,DEPOSIT INTEREST CREDI,159.78
TXN-00028,2024-07-29,CARD PROCESSING FEE,-113.87
TXN-00278,2024-12-27,TRADE FAIR BOOTH,-1832.46
TXN-00396,2025-01-02,ACCOUNT MAINTENANCE FE,-30.57
TXN-00229,2024-04-06,CLIENT DINNER,-1176.85
TXN-00321,2024-05-17,ELECTRICITY BILL,-754.05
TXN-00148,2024-10-04,MONTHLY SALARY RUN,-9246.87
TXN-00925,2024-06-01,MONTHLY SALARY RUN,-5380.5
TXN-00495,2024-02-21,EMPLOYEE WAGES,-4090.61
TXN-00599,2024-07-01,WAREHOUSE LEASE,-2943.74
TXN-00450,2024-04-20,EMPLOYEE WAGES,-5649.96
TXN-00692,2024-01-19,PRINT ADVERTISING,-5589.47
TXN-00107,2024-06-15,ONLINE AD CAMPAIGN,-1358.61
TXN-00351,2024-10-05,BUSINESS TRIP - AIRFAR,-1573.4
TXN-00524,2024-03-19,ACCOUNT MAINTENANCE FE,-113.18
TXN-00390,2024-05-29,VENDOR PAYMENT - MATER,-1234.99
TXN-00449,2024-01-10,HOTEL ACCOMMODATION,-384.52
TXN-00094,2024-05-15,WATER UTILITY,-326.26
TXN-00260,2024-12-18,CLIENT DINNER,-1360.67
TXN-00555,2024-08-06,SAVINGS INTEREST,107.98
TXN-00866,2024-02-13,MONTHLY OFFICE RENT,-2818.4
TXN-00171,2024-01-09,VENDOR PAYMENT - MATER,-9103.07
TXN-00255,2024-08-26,MONTHLY OFFICE RENT,-3589.74
TXN-00603,2024-07-16,ONLINE AD CAMPAIGN,-6820.38
TXN-00253,2024-12-28,SUPPLIER INVOICE,-2576.71
TXN-00307,2024-03-24,ELECTRICITY BILL,-1004.52
TXN-00548,2024-10-14,HOTEL ACCOMMODATION,-2728.51
TXN-00774,2024-09-26,TRADE FAIR BOOTH,-4225.46
TXN-00928,2024-11-23,ELECTRICITY BILL,-129.51
TXN-00429,2024-07-04,CUSTOMER DEPOSIT,10370.55
TXN-00187,2024-09-21,VENDOR PAYMENT - MATER,-3384.64
TXN-00270,2024-06-10,BUSINESS TRIP - AIRFAR,-3070.22
TXN-00631,2024-04-18,ONLINE AD CAMPAIGN,-5298.6
TXN-00163,2024-03-13,OFFICE EQUIPMENT,-788.12
TXN-00414,2024-03-15,VENDOR PAYMENT - MATER,-6228.96
TXN-00842,2024-11-18,RENT PAYMENT,-5337.17
TXN-00890,2024-07-23,PAYROLL TRANSFER,-3645.78
TXN-00099,2024-09-03,WAREHOUSE LEASE,-5274.96
TXN-00007,2024-05-29,CUSTOMER DEPOSIT,13645.92
TXN-00779,2024-06-12,MONTHLY SALARY RUN,-2636.62
TXN-00830,2024-09-07,PRODUCT SALE,15147.47
TXN-00612,2024-04-02,OFFICE EQUIPMENT,-199.4
TXN-00230,2024-01-12,VENDOR PAYMENT - MATER,-5316.82
TXN-00265,2024-01-31,INTEREST ACCRUAL,151.14
TXN-00369,2024-06-13,PRODUCT SALE,10914.5
TXN-09514,2024-10-21,WIRE TRANSFER FEE,-59.14
TXN-00883,2024-08-03,PRINTER CONSUMABLES,-784.77
TXN-00823,2024-05-14,SUPPLIER INVOICE,-7991.61
TXN-00902,2024-04-05,PRODUCT SALE,12055.18
TXN-00404,2024-12-01,SAVINGS INTEREST,306.45
TXN-00708,2024-11-15,HOTEL ACCOMMODATION,-1060.15
TXN-00611,2024-04-18,CARD PROCESSING FEE,-140.28
TXN-00190,2024-07-16,ELECTRICITY BILL,-296.21
TXN-00333,2024-05-25,WATER UTILITY,-282.15
TXN-00304,2024-10-17,ACCOUNT MAINTENANCE FE,-46.48
TXN-00261,2024-08-18,ONLINE AD CAMPAIGN,-6516.06
TXN-00145,2024-04-29,DEPOSIT INTEREST CREDI,217.88
TXN-00628,2024-10-18,WATER UTILITY,-923.24
TXN-00284,2024-10-02,OFFICE EQUIPMENT,-91.05
TXN-00831,2024-01-18,MONTHLY SALARY RUN,-2209.04
TXN-00012,2024-06-01,SAVINGS INTEREST,69.61
TXN-00792,2024-09-29,PRINTER CONSUMABLES,-701.07
TXN-00595,2024-03-25,ELECTRICITY BILL,-227.43
TXN-00532,2024-01-01,VENDOR PAYMENT - MATER,-8067.87
TXN-00470,2024-06-23,DEPOSIT INTEREST CREDI,377.8
TXN-00128,2024-03-01,PRINT ADVERTISING,-6331.59
TXN-00713,2024-03-08,PRINT ADVERTISING,-3083.69
TXN-00058,2024-07-03,VENDOR PAYMENT - MATER,-5266.96
TXN-00034,2024-08-26,HOTEL ACCOMMODATION,-292.26
TXN-00238,2024-08-07,OFFICE EQUIPMENT,-545.71
TXN-00898,2024-07-18,INVOICE PAYMENT RECEIV,18347.81
TXN-00283,2024-12-21,MONTHLY OFFICE RENT,-5866.97
TXN-00587,2024-02-26,WAREHOUSE LEASE,-3235.27
TXN-00363,2024-10-13,EMPLOYEE WAGES,-5995.78
TXN-00244,2024-09-13,MONTHLY OFFICE RENT,-4338.18
TXN-00604,2024-08-14,CONTRACTOR FEE,-14982.66
TXN-00093,2024-05-31,ACCOUNT MAINTENANCE FE,-71.19
TXN-00211,2024-08-02,EMPLOYEE WAGES,-3288.58
TXN-00338,2024-03-26,WATER UTILITY,-309.82
TXN-00707,2024-11-08,INVOICE PAYMENT RECEIV,1660.63
TXN-00669,2024-02-16,INTEREST ACCRUAL,388.23
TXN-00302,2024-05-30,WIRE TRANSFER FEE,-145.47
TXN-00086,2024-09-30,TRADE FAIR BOOTH,-5112.79
TXN-00191,2024-11-17,RENT PAYMENT,-1876.32
TXN-00040,2024-10-16,MONTHLY OFFICE RENT,-3197.72
TXN-00501,2024-04-19,CONTRACTOR FEE,-14765.94
TXN-00624,2024-10-26,OFFICE EQUIPMENT,-311.0
TXN-00508,2024-06-16,MONTHLY SALARY RUN,-5519.22
TXN-00635,2024-08-20,CONTRACTOR FEE,-12762.12
TXN-00517,2024-08-22,WIRE TRANSFER FEE,-13.01
TXN-00105,2024-01-30,TRADE FAIR BOOTH,-3211.99
TXN-00784,2024-11-13,SUPPLIER INVOICE,-5900.48
TXN-00234,2024-06-13,PRINT ADVERTISING,-1834.13
TXN-00677,2024-07-31,CLIENT DINNER,-3365.6
TXN-00106,2024-12-30,ONLINE AD CAMPAIGN,-7989.08
TXN-00342,2024-11-11,EMPLOYEE WAGES,-3419.49
TXN-00903,2024-06-14,MONTHLY SALARY RUN,-6079.43
TXN-00254,2024-10-04,ELECTRICITY BILL,-941.14
TXN-00409,2024-02-08,SAVINGS INTEREST,363.9
TXN-00423,2024-06-14,PRINT ADVERTISING,-4909.45
TXN-00209,2024-05-23,MONTHLY SALARY RUN,-11460.78
TXN-09505,2024-08-02,DEPOSIT INTEREST CREDI,92.59
TXN-00748,2024-02-26,WATER UTILITY,-565.49
TXN-00083,2024-09-26,SUPPLIER INVOICE,-12838.97
TXN-00498,2024-12-19,INTERNET & TELECOM,-266.81
TXN-00896,2024-08-16,RENT PAYMENT,-2399.67
TXN-00584,2024-03-11,CUSTOMER DEPOSIT,2260.33
TXN-00758,2024-12-02,INTERNET & TELECOM,-458.5
TXN-00088,2024-01-08,WATER UTILITY,-1099.57
TXN-00065,2024-07-08,OFFICE EQUIPMENT,-704.77
TXN-00271,2024-08-25,MONTHLY SALARY RUN,-6964.8
TXN-00606,2024-03-02,BUSINESS TRIP - AIRFAR,-936.48
TXN-00275,2024-06-03,STATIONERY PURCHASE,-564.47
TXN-09510,2024-03-13,CARD PROCESSING FEE,-109.88
TXN-00848,2024-03-11,INVOICE PAYMENT RECEIV,11585.03
TXN-00849,2024-06-23,CARD PROCESSING FEE,-32.56
TXN-00871,2024-04-24,STATIONERY PURCHASE,-521.53
TXN-00154,2024-02-26,MONTHLY SALARY RUN,-9390.65
TXN-00614,2024-12-04,WATER UTILITY,-398.68
TXN-00909,2024-07-10,WATER UTILITY,-257.81
TXN-00411,2024-02-03,VENDOR PAYMENT - MATER,-1401.08
TXN-00804,2024-05-26,INTEREST ACCRUAL,343.46
TXN-00518,2024-05-20,CUSTOMER DEPOSIT,9032.76
TXN-00045,2024-07-14,INVOICE PAYMENT RECEIV,21227.19
TXN-00626,2024-04-27,MONTHLY SALARY RUN,-10430.47
TXN-00391,2024-07-13,TRADE FAIR BOOTH,-6290.36
TXN-00221,2024-08-18,VENDOR PAYMENT - MATER,-6248.31
TXN-00141,2024-07-03,DEPOSIT INTEREST CREDI,262.64
TXN-00350,2024-01-14,SUPPLIER INVOICE,-7889.33
TXN-00358,2024-03-28,WIRE TRANSFER FEE,-147.3
TXN-00723,2024-04-10,CARD PROCESSING FEE,-19.54
TXN-00134,2024-07-22,CLIENT DINNER,-572.17
TXN-00262,2024-10-14,SUPPLIER INVOICE,-7330.1
TXN-00279,2024-02-28,CUSTOMER DEPOSIT,5117.62
TXN-00080,2024-05-01,RENT PAYMENT,-2880.32
TXN-00950,2024-05-06,MONTHLY SALARY RUN,-5333.0
TXN-00116,2024-05-24,BUSINESS TRIP - AIRFAR,-683.14
TXN-00794,2024-01-10,CARD PROCESSING FEE,-134.85
TXN-00814,2024-08-09,MONTHLY SALARY RUN,-5886.3
TXN-00719,2024-07-13,MONTHLY SALARY RUN,-7069.63
TXN-00381,2024-06-16,CUSTOMER DEPOSIT,13470.09
TXN-00910,2024-09-25,CUSTOMER DEPOSIT,9126.95
TXN-00185,2024-08-15,STATIONERY PURCHASE,-438.96
TXN-00836,2024-03-31,PRINT ADVERTISING,-1609.9
TXN-00359,2024-06-03,INVOICE PAYMENT RECEIV,22470.51
TXN-00037,2024-08-13,CARD PROCESSING FEE,-61.97
TXN-00340,2024-08-15,SAVINGS INTEREST,154.43
TXN-00815,2024-08-01,TRADE FAIR BOOTH,-4096.03
TXN-00755,2024-12-02,CLIENT DINNER,-2405.72
TXN-00421,2024-11-17,DEPOSIT INTEREST CREDI,129.17
TXN-00150,2024-06-07,INVOICE PAYMENT RECEIV,12852.38
TXN-00010,2024-05-30,INVOICE PAYMENT RECEIV,23830.12
TXN-00046,2024-08-19,INTEREST ACCRUAL,20.9
TXN-00096,2024-02-29,PAYROLL TRANSFER,-4206.99
TXN-00880,2024-12-25,WAREHOUSE LEASE,-5320.68
TXN-09520,2024-10-11,CARD PROCESSING FEE,-121.39
TXN-00549,2024-06-22,BUSINESS TRIP - AIRFAR,-3097.04
TXN-00561,2024-05-03,HOTEL ACCOMMODATION,-1132.22
TXN-00299,2024-04-29,MONTHLY SALARY RUN,-7458.21
TXN-00291,2024-07-07,WIRE TRANSFER FEE,-107.34
TXN-00416,2024-01-07,WAREHOUSE LEASE,-5150.39
TXN-00314,2024-10-28,EMPLOYEE WAGES,-8900.8
TXN-00422,2024-05-08,RENT PAYMENT,-2888.64
TXN-00658,2024-08-06,RENT PAYMENT,-3270.12
TXN-00123,2024-10-04,RENT PAYMENT,-5878.65
TXN-00819,2024-01-28,WAREHOUSE LEASE,-2134.95
TXN-00795,2024-03-19,STATIONERY PURCHASE,-694.85
TXN-00362,2024-05-09,ACCOUNT MAINTENANCE FE,-98.99
TXN-00337,2024-11-30,DEPOSIT INTEREST CREDI,40.78
TXN-00136,2024-11-04,INTERNET & TELECOM,-226.55
TXN-00827,2024-05-02,MONTHLY OFFICE RENT,-1398.97
TXN-00710,2024-04-04,STATIONERY PURCHASE,-384.63
TXN-00770,2024-07-07,INTERNET & TELECOM,-689.45
TXN-00652,2024-09-27,MONTHLY OFFICE RENT,-4499.33
TXN-00368,2024-08-05,WATER UTILITY,-1154.68
TXN-00936,2024-03-06,INTEREST ACCRUAL,221.57
TXN-00882,2024-12-14,WIRE TRANSFER FEE,-114.41
TXN-00620,2024-12-28,SUPPLIER INVOICE,-8499.51
TXN-00009,2024-12-21,PAYROLL TRANSFER,-2819.47
TXN-00098,2024-08-07,WAREHOUSE LEASE,-1938.05
TXN-00945,2024-02-21,CONTRACTOR FEE,-6394.91
TXN-00349,2024-07-13,CONTRACTOR FEE,-7565.19
TXN-00510,2024-07-09,EMPLOYEE WAGES,-4663.86
TXN-00931,2024-05-20,BUSINESS TRIP - AIRFAR,-3029.91
TXN-00704,2024-08-07,VENDOR PAYMENT - MATER,-13299.38
TXN-00747,2024-06-21,HOTEL ACCOMMODATION,-3019.6
TXN-00022,2024-06-03,INTERNET & TELECOM,-902.86
TXN-00483,2024-03-04,PAYROLL TRANSFER,-9698.8
TXN-00941,2024-03-08,WAREHOUSE LEASE,-1069.1
TXN-00406,2024-06-30,HOTEL ACCOMMODATION,-2279.05
TXN-00785,2024-11-10,OFFICE EQUIPMENT,-308.57
TXN-00894,2024-11-07,DEPOSIT INTEREST CREDI,388.97
TXN-09512,2024-04-14,DEPOSIT INTEREST CREDI,24.9
TXN-00825,2024-10-08,MONTHLY OFFICE RENT,-3837.64
TXN-00479,2024-04-10,MONTHLY OFFICE RENT,-1062.79
TXN-00591,2024-06-24,ACCOUNT MAINTENANCE FE,-5.08
TXN-00492,2024-07-06,ACCOUNT MAINTENANCE FE,-78.27
TXN-00047,2024-07-12,OFFICE EQUIPMENT,-805.39
TXN-00365,2024-11-26,SUPPLIER INVOICE,-9539.77
TXN-00297,2024-11-10,ACCOUNT MAINTENANCE FE,-27.58
TXN-00050,2024-07-09,PRINT ADVERTISING,-5330.97
TXN-00488,2024-08-28,CLIENT DINNER,-2886.13
TXN-00225,2024-01-07,PRINT ADVERTISING,-2734.71
TXN-00751,2024-04-07,DEPOSIT INTEREST CREDI,390.73
TXN-00220,2024-12-01,DEPOSIT INTEREST CREDI,237.79
TXN-00920,2024-10-10,MONTHLY OFFICE RENT,-3389.59
TXN-00762,2024-06-21,CLIENT DINNER,-2036.07
TXN-09513,2024-10-17,SAVINGS INTEREST,61.49
TXN-00648,2024-09-21,HOTEL ACCOMMODATION,-1106.93
TXN-00202,2024-07-03,DEPOSIT INTEREST CREDI,50.55
TXN-00563,2024-10-01,PRINTER CONSUMABLES,-820.62
TXN-00623,2024-09-26,CONTRACTOR FEE,-5136.54
TXN-09517,2024-07-16,SAVINGS INTEREST,46.77
TXN-00064,2024-04-27,SAVINGS INTEREST,133.99
TXN-00805,2024-08-16,TRADE FAIR BOOTH,-2316.0
TXN-00605,2024-06-17,CARD PROCESSING FEE,-46.6
TXN-00246,2024-08-20,CUSTOMER DEPOSIT,18714.77
TXN-00443,2024-12-25,VENDOR PAYMENT - MATER,-12559.86
TXN-00853,2024-06-16,SAVINGS INTEREST,263.22
TXN-00575,2024-08-11,INVOICE PAYMENT RECEIV,18701.2
TXN-00001,2024-02-07,CUSTOMER DEPOSIT,6585.96
TXN-00540,2024-07-06,PRODUCT SALE,23086.49
TXN-00768,2024-05-21,STATIONERY PURCHASE,-135.06
TXN-00763,2024-11-20,DEPOSIT INTEREST CREDI,360.54
TXN-00690,2024-04-11,PRINT ADVERTISING,-5006.49
TXN-00188,2024-05-14,ELECTRICITY BILL,-723.64
TXN-00407,2024-05-08,STATIONERY PURCHASE,-898.97
TXN-00149,2024-01-18,WIRE TRANSFER FEE,-114.09
TXN-00752,2024-03-08,VENDOR PAYMENT - MATER,-2959.95
TXN-09508,2024-08-15,CARD PROCESSING FEE,-54.1
TXN-00918,2024-10-04,ONLINE AD CAMPAIGN,-1790.33
TXN-00027,2024-02-04,STATIONERY PURCHASE,-567.98
TXN-00462,2024-07-24,CONTRACTOR FEE,-7129.82
TXN-00671,2024-04-06,DEPOSIT INTEREST CREDI,222.38
TXN-00656,2024-11-21,CLIENT DINNER,-2851.98
TXN-00786,2024-10-18,CLIENT DINNER,-386.88
TXN-00060,2024-07-08,WAREHOUSE LEASE,-1454.2
TXN-00715,2024-07-10,INTEREST ACCRUAL,10.44
TXN-00327,2024-08-30,EMPLOYEE WAGES,-3981.78
TXN-00425,2024-11-22,PRINTER CONSUMABLES,-510.16
TXN-00721,2024-10-05,SUPPLIER INVOICE,-7823.97
TXN-00478,2024-11-28,PRODUCT SALE,21285.33
TXN-00044,2024-06-09,INTERNET & TELECOM,-253.82
TXN-00662,2024-02-23,ONLINE AD CAMPAIGN,-3399.35
TXN-00636,2024-04-26,MONTHLY OFFICE RENT,-1608.07
TXN-00824,2024-05-25,MONTHLY OFFICE RENT,-1683.89
TXN-00529,2024-03-27,SAVINGS INTEREST,383.61
TXN-00737,2024-06-08,TRADE FAIR BOOTH,-3916.42
TXN-00484,2024-07-26,ONLINE AD CAMPAIGN,-7517.31
TXN-00219,2024-12-30,OFFICE EQUIPMENT,-782.21
TXN-00742,2024-11-20,PRINT ADVERTISING,-4106.9
TXN-00821,2024-05-03,INVOICE PAYMENT RECEIV,24206.03
TXN-09519,2024-08-11,WIRE TRANSFER FEE,-60.58
TXN-00856,2024-01-18,WIRE TRANSFER FEE,-142.73
TXN-00899,2024-07-10,CUSTOMER DEPOSIT,619.0
TXN-00610,2024-11-09,CARD PROCESSING FEE,-97.66
TXN-00486,2024-02-10,EMPLOYEE WAGES,-10705.12
TXN-00126,2024-03-02,CLIENT DINNER,-255.85
TXN-00881,2024-05-11,CUSTOMER DEPOSIT,15504.76
TXN-00062,2024-10-21,ONLINE AD CAMPAIGN,-5295.81
TXN-00082,2024-03-07,OFFICE EQUIPMENT,-410.67
TXN-00681,2024-07-28,TRADE FAIR BOOTH,-7760.25
TXN-00325,2024-10-08,INTEREST ACCRUAL,208.72
TXN-00386,2025-01-01,VENDOR PAYMENT - MATER,-2381.9
TXN-09518,2024-01-10,ACCOUNT MAINTENANCE FE,-123.28
TXN-00057,2024-11-09,BUSINESS TRIP - AIRFAR,-2292.99
TXN-00020,2024-01-16,PRINTER CONSUMABLES,-184.77
TXN-00933,2024-03-08,MONTHLY SALARY RUN,-1749.44
TXN-00087,2024-11-27,PRODUCT SALE,6483.02
TXN-00839,2024-06-24,CUSTOMER DEPOSIT,4329.14
TXN-00759,2024-03-30,VENDOR PAYMENT - MATER,-10807.93
TXN-00650,2024-09-15,WIRE TRANSFER FEE,-37.54
TXN-00317,2024-01-24,ONLINE AD CAMPAIGN,-3223.33
TXN-00035,2024-08-03,WIRE TRANSFER FEE,-23.71
TXN-00809,2024-07-30,INTERNET & TELECOM,-538.87
TXN-00139,2024-08-25,ELECTRICITY BILL,-551.76
TXN-00767,2024-08-25,RENT PAYMENT,-4684.98
TXN-00589,2024-09-14,WIRE TRANSFER FEE,-31.23
TXN-00499,2024-09-26,SAVINGS INTEREST,384.45
TXN-00539,2024-02-13,BUSINESS TRIP - AIRFAR,-3167.89
TXN-00801,2024-12-08,INVOICE PAYMENT RECEIV,1337.4
TXN-00556,2024-03-31,HOTEL ACCOMMODATION,-605.08
TXN-00097,2024-03-30,PAYROLL TRANSFER,-5804.82
TXN-00084,2024-04-25,CARD PROCESSING FEE,-51.72
TXN-00447,2024-08-17,INTERNET & TELECOM,-289.2
TXN-00475,2024-04-03,RENT PAYMENT,-4871.11
TXN-00765,2024-08-23,INTERNET & TELECOM,-618.79
TXN-00367,2024-09-18,PRINTER CONSUMABLES,-611.23
TXN-00874,2024-11-17,SUPPLIER INVOICE,-10535.11
TXN-00698,2024-09-02,CLIENT DINNER,-1055.12
TXN-00586,2024-01-13,SAVINGS INTEREST,369.07
TXN-00886,2024-02-22,TRADE FAIR BOOTH,-6903.72
TXN-00914,2024-05-17,SAVINGS INTEREST,17.87
TXN-00761,2024-05-07,VENDOR PAYMENT - MATER,-12818.82
TXN-00402,2024-05-23,ONLINE AD CAMPAIGN,-2528.27
TXN-00760,2024-03-20,TRADE FAIR BOOTH,-3812.1
TXN-00393,2024-02-15,ELECTRICITY BILL,-565.48
TXN-00915,2024-11-01,HOTEL ACCOMMODATION,-1459.2
TXN-00746,2024-09-09,WATER UTILITY,-347.66
TXN-00272,2024-07-22,INVOICE PAYMENT RECEIV,11860.06
TXN-00507,2024-12-25,BUSINESS TRIP - AIRFAR,-2774.25
TXN-00236,2024-04-22,TRADE FAIR BOOTH,-2170.77
TXN-00435,2024-05-23,OFFICE EQUIPMENT,-616.38
TXN-00649,2024-11-07,INTEREST ACCRUAL,147.07
TXN-00808,2024-08-13,SUPPLIER INVOICE,-4125.16
TXN-00562,2024-03-24,PRODUCT SALE,5807.25
TXN-00208,2024-11-08,INTEREST ACCRUAL,163.5
TXN-00320,2024-01-21,ONLINE AD CAMPAIGN,-3651.67
TXN-09506,2024-05-09,ACCOUNT MAINTENANCE FE,-124.98
TXN-00133,2024-12-18,INVOICE PAYMENT RECEIV,22379.26
TXN-00051,2024-10-22,ONLINE AD CAMPAIGN,-7588.15
TXN-00239,2024-07-27,ELECTRICITY BILL,-110.46
TXN-00565,2024-04-03,CARD PROCESSING FEE,-47.03
TXN-00593,2024-02-03,PAYROLL TRANSFER,-9201.4
TXN-00451,2024-11-07,SAVINGS INTEREST,151.76
TXN-00032,2024-09-14,PAYROLL TRANSFER,-1524.24
TXN-00122,2024-03-19,RENT PAYMENT,-1295.04
TXN-00212,2024-07-04,PRINT ADVERTISING,-7832.28
TXN-00352,2024-05-28,CUSTOMER DEPOSIT,24872.96
TXN-00455,2024-03-08,HOTEL ACCOMMODATION,-2276.5
TXN-00303,2024-01-31,INVOICE PAYMENT RECEIV,5139.41
TXN-00709,2024-11-03,PRINTER CONSUMABLES,-408.15
TXN-00089,2024-06-10,PRINT ADVERTISING,-6770.08
TXN-00326,2024-09-17,MONTHLY SALARY RUN,-11329.86
TXN-00324,2024-09-03,DEPOSIT INTEREST CREDI,390.42
TXN-00256,2024-11-25,VENDOR PAYMENT - MATER,-14488.16
TXN-00893,2024-10-28,BUSINESS TRIP - AIRFAR,-1079.71
TXN-00571,2024-11-14,SAVINGS INTEREST,34.26
TXN-00546,2024-06-07,PRODUCT SALE,3747.28
TXN-00551,2024-07-12,WIRE TRANSFER FEE,-108.35
TXN-00360,2024-11-09,TRADE FAIR BOOTH,-3883.16
TXN-00052,2024-09-26,SUPPLIER INVOICE,-5621.77
TXN-00876,2024-11-25,HOTEL ACCOMMODATION,-284.39
TXN-00939,2024-01-23,STATIONERY PURCHASE,-890.4
TXN-00773,2024-08-26,CUSTOMER DEPOSIT,4489.99
TXN-00103,2024-07-02,ACCOUNT MAINTENANCE FE,-25.06
TXN-00196,2024-06-27,INVOICE PAYMENT RECEIV,1854.13
TXN-00680,2024-02-16,INTEREST ACCRUAL,206.38
TXN-00806,2024-04-26,ONLINE AD CAMPAIGN,-3401.29
TXN-00629,2024-02-12,HOTEL ACCOMMODATION,-152.35
TXN-00125,2024-06-20,ACCOUNT MAINTENANCE FE,-66.59
TXN-00405,2024-03-23,STATIONERY PURCHASE,-458.18
TXN-00731,2024-12-13,PRINT ADVERTISING,-3642.76
TXN-00288,2024-02-17,CLIENT DINNER,-202.77
TXN-00832,2024-05-04,EMPLOYEE WAGES,-6878.55
TXN-00048,2024-05-13,WIRE TRANSFER FEE,-113.69
TXN-00726,2024-12-26,CONTRACTOR FEE,-9100.32
TXN-00588,2024-02-13,CUSTOMER DEPOSIT,24073.9
TXN-00608,2024-10-11,BUSINESS TRIP - AIRFAR,-3477.85
TXN-00434,2024-11-25,CONTRACTOR FEE,-13716.62
TXN-00675,2024-07-23,WAREHOUSE LEASE,-3773.58
TXN-00264,2024-11-15,SAVINGS INTEREST,244.85
TXN-00361,2024-07-10,CARD PROCESSING FEE,-124.22
TXN-00076,2024-01-22,PRINTER CONSUMABLES,-570.42
TXN-00467,2024-08-21,VENDOR PAYMENT - MATER,-4137.26
TXN-00300,2024-12-24,PRODUCT SALE,10232.22
TXN-00535,2024-06-03,BUSINESS TRIP - AIRFAR,-3117.16
TXN-00585,2024-10-25,PRINTER CONSUMABLES,-443.8
TXN-00494,2024-06-09,WAREHOUSE LEASE,-4891.84
TXN-00528,2024-05-23,CONTRACTOR FEE,-3615.05
TXN-00169,2024-09-22,WATER UTILITY,-867.11
